company,country,iso2,inception,companyLabel,countryLabel,inception_year
http://www.wikidata.org/entity/Q15910815,http://www.wikidata.org/entity/Q6250,EH,1987-02-01T00:00:00Z,Q15910815,Western Sahara,1987
http://www.wikidata.org/entity/Q15910815,http://www.wikidata.org/entity/Q1183,PR,1987-02-01T00:00:00Z,Q15910815,Puerto Rico,1987
http://www.wikidata.org/entity/Q15910815,http://www.wikidata.org/entity/Q34,SE,1987-02-01T00:00:00Z,Q15910815,Sweden,1987
http://www.wikidata.org/entity/Q15910815,http://www.wikidata.org/entity/Q398,BH,1987-02-01T00:00:00Z,Q15910815,Bahrain,1987
http://www.wikidata.org/entity/Q15910815,http://www.wikidata.org/entity/Q213,CZ,1987-02-01T00:00:00Z,Q15910815,Czech Republic,1987
http://www.wikidata.org/entity/Q15910815,http://www.wikidata.org/entity/Q148,CN,1987-02-01T00:00:00Z,Q15910815,People's Republic of China,1987
http://www.wikidata.org/entity/Q15910815,http://www.wikidata.org/entity/Q408,AU,1987-02-01T00:00:00Z,Q15910815,Australia,1987
http://www.wikidata.org/entity/Q15910815,http://www.wikidata.org/entity/Q878,AE,1987-02-01T00:00:00Z,Q15910815,United Arab Emirates,1987
http://www.wikidata.org/entity/Q15910815,http://www.wikidata.org/entity/Q977,DJ,1987-02-01T00:00:00Z,Q15910815,Djibouti,1987
http://www.wikidata.org/entity/Q15910815,http://www.wikidata.org/entity/Q843,PK,1987-02-01T00:00:00Z,Q15910815,Pakistan,1987
http://www.wikidata.org/entity/Q15910815,http://www.wikidata.org/entity/Q23635,BM,1987-02-01T00:00:00Z,Q15910815,Bermuda,1987
http://www.wikidata.org/entity/Q15910815,http://www.wikidata.org/entity/Q228,AD,1987-02-01T00:00:00Z,Q15910815,Andorra,1987
http://www.wikidata.org/entity/Q15910815,http://www.wikidata.org/entity/Q34020,NU,1987-02-01T00:00:00Z,Q15910815,Niue,1987
http://www.wikidata.org/entity/Q15910815,http://www.wikidata.org/entity/Q17063,YT,1987-02-01T00:00:00Z,Q15910815,Mayotte,1987
http://www.wikidata.org/entity/Q15910815,http://www.wikidata.org/entity/Q804,PA,1987-02-01T00:00:00Z,Q15910815,Panama,1987
http://www.wikidata.org/entity/Q15910815,http://www.wikidata.org/entity/Q916,AO,1987-02-01T00:00:00Z,Q15910815,Angola,1987
http://www.wikidata.org/entity/Q15910815,http://www.wikidata.org/entity/Q414,AR,1987-02-01T00:00:00Z,Q15910815,Argentina,1987
http://www.wikidata.org/entity/Q15910815,http://www.wikidata.org/entity/Q784,DM,1987-02-01T00:00:00Z,Q15910815,Dominica,1987
http://www.wikidata.org/entity/Q15910815,http://www.wikidata.org/entity/Q5785,KY,1987-02-01T00:00:00Z,Q15910815,Cayman Islands,1987
http://www.wikidata.org/entity/Q15910815,http://www.wikidata.org/entity/Q399,AM,1987-02-01T00:00:00Z,Q15910815,Armenia,1987
http://www.wikidata.org/entity/Q15910815,http://www.wikidata.org/entity/Q244,BB,1987-02-01T00:00:00Z,Q15910815,Barbados,1987
http://www.wikidata.org/entity/Q15910815,http://www.wikidata.org/entity/Q750,BO,1987-02-01T00:00:00Z,Q15910815,Bolivia,1987
http://www.wikidata.org/entity/Q15910815,http://www.wikidata.org/entity/Q29999,NL,1987-02-01T00:00:00Z,Q15910815,Kingdom of the Netherlands,1987
http://www.wikidata.org/entity/Q15910815,http://www.wikidata.org/entity/Q958,SS,1987-02-01T00:00:00Z,Q15910815,South Sudan,1987
http://www.wikidata.org/entity/Q15910815,http://www.wikidata.org/entity/Q986,ER,1987-02-01T00:00:00Z,Q15910815,Eritrea,1987
http://www.wikidata.org/entity/Q25245598,http://www.wikidata.org/entity/Q6250,EH,2014-01-01T00:00:00Z,Tipbet,Western Sahara,2014
http://www.wikidata.org/entity/Q25245598,http://www.wikidata.org/entity/Q1183,PR,2014-01-01T00:00:00Z,Tipbet,Puerto Rico,2014
http://www.wikidata.org/entity/Q25245598,http://www.wikidata.org/entity/Q34,SE,2014-01-01T00:00:00Z,Tipbet,Sweden,2014
http://www.wikidata.org/entity/Q25245598,http://www.wikidata.org/entity/Q398,BH,2014-01-01T00:00:00Z,Tipbet,Bahrain,2014
http://www.wikidata.org/entity/Q25245598,http://www.wikidata.org/entity/Q213,CZ,2014-01-01T00:00:00Z,Tipbet,Czech Republic,2014
http://www.wikidata.org/entity/Q25245598,http://www.wikidata.org/entity/Q148,CN,2014-01-01T00:00:00Z,Tipbet,People's Republic of China,2014
http://www.wikidata.org/entity/Q25245598,http://www.wikidata.org/entity/Q408,AU,2014-01-01T00:00:00Z,Tipbet,Australia,2014
http://www.wikidata.org/entity/Q25245598,http://www.wikidata.org/entity/Q878,AE,2014-01-01T00:00:00Z,Tipbet,United Arab Emirates,2014
http://www.wikidata.org/entity/Q25245598,http://www.wikidata.org/entity/Q977,DJ,2014-01-01T00:00:00Z,Tipbet,Djibouti,2014
http://www.wikidata.org/entity/Q25245598,http://www.wikidata.org/entity/Q843,PK,2014-01-01T00:00:00Z,Tipbet,Pakistan,2014
http://www.wikidata.org/entity/Q25245598,http://www.wikidata.org/entity/Q23635,BM,2014-01-01T00:00:00Z,Tipbet,Bermuda,2014
http://www.wikidata.org/entity/Q25245598,http://www.wikidata.org/entity/Q228,AD,2014-01-01T00:00:00Z,Tipbet,Andorra,2014
http://www.wikidata.org/entity/Q25245598,http://www.wikidata.org/entity/Q34020,NU,2014-01-01T00:00:00Z,Tipbet,Niue,2014
http://www.wikidata.org/entity/Q25245598,http://www.wikidata.org/entity/Q17063,YT,2014-01-01T00:00:00Z,Tipbet,Mayotte,2014
http://www.wikidata.org/entity/Q25245598,http://www.wikidata.org/entity/Q804,PA,2014-01-01T00:00:00Z,Tipbet,Panama,2014
http://www.wikidata.org/entity/Q25245598,http://www.wikidata.org/entity/Q916,AO,2014-01-01T00:00:00Z,Tipbet,Angola,2014
http://www.wikidata.org/entity/Q25245598,http://www.wikidata.org/entity/Q414,AR,2014-01-01T00:00:00Z,Tipbet,Argentina,2014
http://www.wikidata.org/entity/Q25245598,http://www.wikidata.org/entity/Q784,DM,2014-01-01T00:00:00Z,Tipbet,Dominica,2014
http://www.wikidata.org/entity/Q25245598,http://www.wikidata.org/entity/Q5785,KY,2014-01-01T00:00:00Z,Tipbet,Cayman Islands,2014
http://www.wikidata.org/entity/Q25245598,http://www.wikidata.org/entity/Q399,AM,2014-01-01T00:00:00Z,Tipbet,Armenia,2014
http://www.wikidata.org/entity/Q25245598,http://www.wikidata.org/entity/Q244,BB,2014-01-01T00:00:00Z,Tipbet,Barbados,2014
http://www.wikidata.org/entity/Q25245598,http://www.wikidata.org/entity/Q750,BO,2014-01-01T00:00:00Z,Tipbet,Bolivia,2014
http://www.wikidata.org/entity/Q25245598,http://www.wikidata.org/entity/Q29999,NL,2014-01-01T00:00:00Z,Tipbet,Kingdom of the Netherlands,2014
http://www.wikidata.org/entity/Q25245598,http://www.wikidata.org/entity/Q958,SS,2014-01-01T00:00:00Z,Tipbet,South Sudan,2014
http://www.wikidata.org/entity/Q25245598,http://www.wikidata.org/entity/Q986,ER,2014-01-01T00:00:00Z,Tipbet,Eritrea,2014
http://www.wikidata.org/entity/Q74458523,http://www.wikidata.org/entity/Q6250,EH,,ManBetX,Western Sahara,
http://www.wikidata.org/entity/Q74458523,http://www.wikidata.org/entity/Q1183,PR,,ManBetX,Puerto Rico,
http://www.wikidata.org/entity/Q74458523,http://www.wikidata.org/entity/Q34,SE,,ManBetX,Sweden,
http://www.wikidata.org/entity/Q74458523,http://www.wikidata.org/entity/Q398,BH,,ManBetX,Bahrain,
http://www.wikidata.org/entity/Q74458523,http://www.wikidata.org/entity/Q213,CZ,,ManBetX,Czech Republic,
http://www.wikidata.org/entity/Q74458523,http://www.wikidata.org/entity/Q148,CN,,ManBetX,People's Republic of China,
http://www.wikidata.org/entity/Q74458523,http://www.wikidata.org/entity/Q408,AU,,ManBetX,Australia,
http://www.wikidata.org/entity/Q74458523,http://www.wikidata.org/entity/Q878,AE,,ManBetX,United Arab Emirates,
http://www.wikidata.org/entity/Q74458523,http://www.wikidata.org/entity/Q977,DJ,,ManBetX,Djibouti,
http://www.wikidata.org/entity/Q74458523,http://www.wikidata.org/entity/Q843,PK,,ManBetX,Pakistan,
http://www.wikidata.org/entity/Q74458523,http://www.wikidata.org/entity/Q23635,BM,,ManBetX,Bermuda,
http://www.wikidata.org/entity/Q74458523,http://www.wikidata.org/entity/Q228,AD,,ManBetX,Andorra,
http://www.wikidata.org/entity/Q74458523,http://www.wikidata.org/entity/Q34020,NU,,ManBetX,Niue,
http://www.wikidata.org/entity/Q74458523,http://www.wikidata.org/entity/Q17063,YT,,ManBetX,Mayotte,
http://www.wikidata.org/entity/Q74458523,http://www.wikidata.org/entity/Q804,PA,,ManBetX,Panama,
http://www.wikidata.org/entity/Q74458523,http://www.wikidata.org/entity/Q916,AO,,ManBetX,Angola,
http://www.wikidata.org/entity/Q74458523,http://www.wikidata.org/entity/Q414,AR,,ManBetX,Argentina,
http://www.wikidata.org/entity/Q74458523,http://www.wikidata.org/entity/Q784,DM,,ManBetX,Dominica,
http://www.wikidata.org/entity/Q74458523,http://www.wikidata.org/entity/Q5785,KY,,ManBetX,Cayman Islands,
http://www.wikidata.org/entity/Q74458523,http://www.wikidata.org/entity/Q399,AM,,ManBetX,Armenia,
http://www.wikidata.org/entity/Q74458523,http://www.wikidata.org/entity/Q244,BB,,ManBetX,Barbados,
http://www.wikidata.org/entity/Q74458523,http://www.wikidata.org/entity/Q750,BO,,ManBetX,Bolivia,
http://www.wikidata.org/entity/Q74458523,http://www.wikidata.org/entity/Q29999,NL,,ManBetX,Kingdom of the Netherlands,
http://www.wikidata.org/entity/Q74458523,http://www.wikidata.org/entity/Q958,SS,,ManBetX,South Sudan,
http://www.wikidata.org/entity/Q74458523,http://www.wikidata.org/entity/Q986,ER,,ManBetX,Eritrea,
http://www.wikidata.org/entity/Q135003367,http://www.wikidata.org/entity/Q6250,EH,,Dimers,Western Sahara,
http://www.wikidata.org/entity/Q135003367,http://www.wikidata.org/entity/Q1183,PR,,Dimers,Puerto Rico,
http://www.wikidata.org/entity/Q135003367,http://www.wikidata.org/entity/Q34,SE,,Dimers,Sweden,
http://www.wikidata.org/entity/Q135003367,http://www.wikidata.org/entity/Q398,BH,,Dimers,Bahrain,
http://www.wikidata.org/entity/Q135003367,http://www.wikidata.org/entity/Q213,CZ,,Dimers,Czech Republic,
http://www.wikidata.org/entity/Q135003367,http://www.wikidata.org/entity/Q148,CN,,Dimers,People's Republic of China,
http://www.wikidata.org/entity/Q135003367,http://www.wikidata.org/entity/Q408,AU,,Dimers,Australia,
http://www.wikidata.org/entity/Q135003367,http://www.wikidata.org/entity/Q878,AE,,Dimers,United Arab Emirates,
http://www.wikidata.org/entity/Q135003367,http://www.wikidata.org/entity/Q977,DJ,,Dimers,Djibouti,
http://www.wikidata.org/entity/Q135003367,http://www.wikidata.org/entity/Q843,PK,,Dimers,Pakistan,
http://www.wikidata.org/entity/Q135003367,http://www.wikidata.org/entity/Q23635,BM,,Dimers,Bermuda,
http://www.wikidata.org/entity/Q135003367,http://www.wikidata.org/entity/Q228,AD,,Dimers,Andorra,
http://www.wikidata.org/entity/Q135003367,http://www.wikidata.org/entity/Q34020,NU,,Dimers,Niue,
http://www.wikidata.org/entity/Q135003367,http://www.wikidata.org/entity/Q17063,YT,,Dimers,Mayotte,
http://www.wikidata.org/entity/Q135003367,http://www.wikidata.org/entity/Q804,PA,,Dimers,Panama,
http://www.wikidata.org/entity/Q135003367,http://www.wikidata.org/entity/Q916,AO,,Dimers,Angola,
http://www.wikidata.org/entity/Q135003367,http://www.wikidata.org/entity/Q414,AR,,Dimers,Argentina,
http://www.wikidata.org/entity/Q135003367,http://www.wikidata.org/entity/Q784,DM,,Dimers,Dominica,
http://www.wikidata.org/entity/Q135003367,http://www.wikidata.org/entity/Q5785,KY,,Dimers,Cayman Islands,
http://www.wikidata.org/entity/Q135003367,http://www.wikidata.org/entity/Q399,AM,,Dimers,Armenia,
http://www.wikidata.org/entity/Q135003367,http://www.wikidata.org/entity/Q244,BB,,Dimers,Barbados,
http://www.wikidata.org/entity/Q135003367,http://www.wikidata.org/entity/Q750,BO,,Dimers,Bolivia,
http://www.wikidata.org/entity/Q135003367,http://www.wikidata.org/entity/Q29999,NL,,Dimers,Kingdom of the Netherlands,
http://www.wikidata.org/entity/Q135003367,http://www.wikidata.org/entity/Q958,SS,,Dimers,South Sudan,
http://www.wikidata.org/entity/Q135003367,http://www.wikidata.org/entity/Q986,ER,,Dimers,Eritrea,
http://www.wikidata.org/entity/Q15910815,http://www.wikidata.org/entity/Q29,ES,1987-02-01T00:00:00Z,Q15910815,Spain,1987
http://www.wikidata.org/entity/Q15910815,http://www.wikidata.org/entity/Q334,SG,1987-02-01T00:00:00Z,Q15910815,Singapore,1987
http://www.wikidata.org/entity/Q15910815,http://www.wikidata.org/entity/Q711,MN,1987-02-01T00:00:00Z,Q15910815,Mongolia,1987
http://www.wikidata.org/entity/Q15910815,http://www.wikidata.org/entity/Q45,PT,1987-02-01T00:00:00Z,Q15910815,Portugal,1987
http://www.wikidata.org/entity/Q15910815,http://www.wikidata.org/entity/Q794,IR,1987-02-01T00:00:00Z,Q15910815,Iran,1987
http://www.wikidata.org/entity/Q15910815,http://www.wikidata.org/entity/Q25362,BL,1987-02-01T00:00:00Z,Q15910815,Saint Barthélemy,1987
http://www.wikidata.org/entity/Q15910815,http://www.wikidata.org/entity/Q222,AL,1987-02-01T00:00:00Z,Q15910815,Albania,1987
http://www.wikidata.org/entity/Q15910815,http://www.wikidata.org/entity/Q783,HN,1987-02-01T00:00:00Z,Q15910815,Honduras,1987
http://www.wikidata.org/entity/Q15910815,http://www.wikidata.org/entity/Q13353,MS,1987-02-01T00:00:00Z,Q15910815,Montserrat,1987
http://www.wikidata.org/entity/Q15910815,http://www.wikidata.org/entity/Q1041,SN,1987-02-01T00:00:00Z,Q15910815,Senegal,1987
http://www.wikidata.org/entity/Q15910815,http://www.wikidata.org/entity/Q1013,LS,1987-02-01T00:00:00Z,Q15910815,Lesotho,1987
http://www.wikidata.org/entity/Q15910815,http://www.wikidata.org/entity/Q31,BE,1987-02-01T00:00:00Z,Q15910815,Belgium,1987
http://www.wikidata.org/entity/Q15910815,http://www.wikidata.org/entity/Q813,KG,1987-02-01T00:00:00Z,Q15910815,Kyrgyzstan,1987
http://www.wikidata.org/entity/Q15910815,http://www.wikidata.org/entity/Q39,CH,1987-02-01T00:00:00Z,Q15910815,Switzerland,1987
http://www.wikidata.org/entity/Q15910815,http://www.wikidata.org/entity/Q1011,CV,1987-02-01T00:00:00Z,Q15910815,Cape Verde,1987
http://www.wikidata.org/entity/Q15910815,http://www.wikidata.org/entity/Q40,AT,1987-02-01T00:00:00Z,Q15910815,Austria,1987
http://www.wikidata.org/entity/Q15910815,http://www.wikidata.org/entity/Q115,ET,1987-02-01T00:00:00Z,Q15910815,Ethiopia,1987
http://www.wikidata.org/entity/Q15910815,http://www.wikidata.org/entity/Q34617,PM,1987-02-01T00:00:00Z,Q15910815,Saint Pierre and Miquelon,1987
http://www.wikidata.org/entity/Q15910815,http://www.wikidata.org/entity/Q754,TT,1987-02-01T00:00:00Z,Q15910815,Trinidad and Tobago,1987
http://www.wikidata.org/entity/Q15910815,http://www.wikidata.org/entity/Q237,VA,1987-02-01T00:00:00Z,Q15910815,Vatican City,1987
http://www.wikidata.org/entity/Q15910815,http://www.wikidata.org/entity/Q155,BR,1987-02-01T00:00:00Z,Q15910815,Brazil,1987
http://www.wikidata.org/entity/Q15910815,http://www.wikidata.org/entity/Q574,TL,1987-02-01T00:00:00Z,Q15910815,Timor-Leste,1987
http://www.wikidata.org/entity/Q15910815,http://www.wikidata.org/entity/Q211,LV,1987-02-01T00:00:00Z,Q15910815,Latvia,1987
http://www.wikidata.org/entity/Q15910815,http://www.wikidata.org/entity/Q686,VU,1987-02-01T00:00:00Z,Q15910815,Vanuatu,1987
http://www.wikidata.org/entity/Q15910815,http://www.wikidata.org/entity/Q96,MX,1987-02-01T00:00:00Z,Q15910815,Mexico,1987
http://www.wikidata.org/entity/Q25245598,http://www.wikidata.org/entity/Q29,ES,2014-01-01T00:00:00Z,Tipbet,Spain,2014
http://www.wikidata.org/entity/Q25245598,http://www.wikidata.org/entity/Q334,SG,2014-01-01T00:00:00Z,Tipbet,Singapore,2014
http://www.wikidata.org/entity/Q25245598,http://www.wikidata.org/entity/Q711,MN,2014-01-01T00:00:00Z,Tipbet,Mongolia,2014
http://www.wikidata.org/entity/Q25245598,http://www.wikidata.org/entity/Q45,PT,2014-01-01T00:00:00Z,Tipbet,Portugal,2014
http://www.wikidata.org/entity/Q25245598,http://www.wikidata.org/entity/Q794,IR,2014-01-01T00:00:00Z,Tipbet,Iran,2014
http://www.wikidata.org/entity/Q25245598,http://www.wikidata.org/entity/Q25362,BL,2014-01-01T00:00:00Z,Tipbet,Saint Barthélemy,2014
http://www.wikidata.org/entity/Q25245598,http://www.wikidata.org/entity/Q222,AL,2014-01-01T00:00:00Z,Tipbet,Albania,2014
http://www.wikidata.org/entity/Q25245598,http://www.wikidata.org/entity/Q783,HN,2014-01-01T00:00:00Z,Tipbet,Honduras,2014
http://www.wikidata.org/entity/Q25245598,http://www.wikidata.org/entity/Q13353,MS,2014-01-01T00:00:00Z,Tipbet,Montserrat,2014
http://www.wikidata.org/entity/Q25245598,http://www.wikidata.org/entity/Q1041,SN,2014-01-01T00:00:00Z,Tipbet,Senegal,2014
http://www.wikidata.org/entity/Q25245598,http://www.wikidata.org/entity/Q1013,LS,2014-01-01T00:00:00Z,Tipbet,Lesotho,2014
http://www.wikidata.org/entity/Q25245598,http://www.wikidata.org/entity/Q31,BE,2014-01-01T00:00:00Z,Tipbet,Belgium,2014
http://www.wikidata.org/entity/Q25245598,http://www.wikidata.org/entity/Q813,KG,2014-01-01T00:00:00Z,Tipbet,Kyrgyzstan,2014
http://www.wikidata.org/entity/Q25245598,http://www.wikidata.org/entity/Q39,CH,2014-01-01T00:00:00Z,Tipbet,Switzerland,2014
http://www.wikidata.org/entity/Q25245598,http://www.wikidata.org/entity/Q1011,CV,2014-01-01T00:00:00Z,Tipbet,Cape Verde,2014
http://www.wikidata.org/entity/Q25245598,http://www.wikidata.org/entity/Q40,AT,2014-01-01T00:00:00Z,Tipbet,Austria,2014
http://www.wikidata.org/entity/Q25245598,http://www.wikidata.org/entity/Q115,ET,2014-01-01T00:00:00Z,Tipbet,Ethiopia,2014
http://www.wikidata.org/entity/Q25245598,http://www.wikidata.org/entity/Q34617,PM,2014-01-01T00:00:00Z,Tipbet,Saint Pierre and Miquelon,2014
http://www.wikidata.org/entity/Q25245598,http://www.wikidata.org/entity/Q754,TT,2014-01-01T00:00:00Z,Tipbet,Trinidad and Tobago,2014
http://www.wikidata.org/entity/Q25245598,http://www.wikidata.org/entity/Q237,VA,2014-01-01T00:00:00Z,Tipbet,Vatican City,2014
http://www.wikidata.org/entity/Q25245598,http://www.wikidata.org/entity/Q155,BR,2014-01-01T00:00:00Z,Tipbet,Brazil,2014
http://www.wikidata.org/entity/Q25245598,http://www.wikidata.org/entity/Q574,TL,2014-01-01T00:00:00Z,Tipbet,Timor-Leste,2014
http://www.wikidata.org/entity/Q25245598,http://www.wikidata.org/entity/Q211,LV,2014-01-01T00:00:00Z,Tipbet,Latvia,2014
http://www.wikidata.org/entity/Q25245598,http://www.wikidata.org/entity/Q686,VU,2014-01-01T00:00:00Z,Tipbet,Vanuatu,2014
http://www.wikidata.org/entity/Q25245598,http://www.wikidata.org/entity/Q96,MX,2014-01-01T00:00:00Z,Tipbet,Mexico,2014
http://www.wikidata.org/entity/Q74458523,http://www.wikidata.org/entity/Q29,ES,,ManBetX,Spain,
http://www.wikidata.org/entity/Q74458523,http://www.wikidata.org/entity/Q334,SG,,ManBetX,Singapore,
http://www.wikidata.org/entity/Q74458523,http://www.wikidata.org/entity/Q711,MN,,ManBetX,Mongolia,
http://www.wikidata.org/entity/Q74458523,http://www.wikidata.org/entity/Q45,PT,,ManBetX,Portugal,
http://www.wikidata.org/entity/Q74458523,http://www.wikidata.org/entity/Q794,IR,,ManBetX,Iran,
http://www.wikidata.org/entity/Q74458523,http://www.wikidata.org/entity/Q25362,BL,,ManBetX,Saint Barthélemy,
http://www.wikidata.org/entity/Q74458523,http://www.wikidata.org/entity/Q222,AL,,ManBetX,Albania,
http://www.wikidata.org/entity/Q74458523,http://www.wikidata.org/entity/Q783,HN,,ManBetX,Honduras,
http://www.wikidata.org/entity/Q74458523,http://www.wikidata.org/entity/Q13353,MS,,ManBetX,Montserrat,
http://www.wikidata.org/entity/Q74458523,http://www.wikidata.org/entity/Q1041,SN,,ManBetX,Senegal,
http://www.wikidata.org/entity/Q74458523,http://www.wikidata.org/entity/Q1013,LS,,ManBetX,Lesotho,
http://www.wikidata.org/entity/Q74458523,http://www.wikidata.org/entity/Q31,BE,,ManBetX,Belgium,
http://www.wikidata.org/entity/Q74458523,http://www.wikidata.org/entity/Q813,KG,,ManBetX,Kyrgyzstan,
http://www.wikidata.org/entity/Q74458523,http://www.wikidata.org/entity/Q39,CH,,ManBetX,Switzerland,
http://www.wikidata.org/entity/Q74458523,http://www.wikidata.org/entity/Q1011,CV,,ManBetX,Cape Verde,
http://www.wikidata.org/entity/Q74458523,http://www.wikidata.org/entity/Q40,AT,,ManBetX,Austria,
http://www.wikidata.org/entity/Q74458523,http://www.wikidata.org/entity/Q115,ET,,ManBetX,Ethiopia,
http://www.wikidata.org/entity/Q74458523,http://www.wikidata.org/entity/Q34617,PM,,ManBetX,Saint Pierre and Miquelon,
http://www.wikidata.org/entity/Q74458523,http://www.wikidata.org/entity/Q754,TT,,ManBetX,Trinidad and Tobago,
http://www.wikidata.org/entity/Q74458523,http://www.wikidata.org/entity/Q237,VA,,ManBetX,Vatican City,
http://www.wikidata.org/entity/Q74458523,http://www.wikidata.org/entity/Q155,BR,,ManBetX,Brazil,
http://www.wikidata.org/entity/Q74458523,http://www.wikidata.org/entity/Q574,TL,,ManBetX,Timor-Leste,
http://www.wikidata.org/entity/Q74458523,http://www.wikidata.org/entity/Q211,LV,,ManBetX,Latvia,
http://www.wikidata.org/entity/Q74458523,http://www.wikidata.org/entity/Q686,VU,,ManBetX,Vanuatu,
http://www.wikidata.org/entity/Q74458523,http://www.wikidata.org/entity/Q96,MX,,ManBetX,Mexico,
http://www.wikidata.org/entity/Q135003367,http://www.wikidata.org/entity/Q29,ES,,Dimers,Spain,
http://www.wikidata.org/entity/Q135003367,http://www.wikidata.org/entity/Q334,SG,,Dimers,Singapore,
http://www.wikidata.org/entity/Q135003367,http://www.wikidata.org/entity/Q711,MN,,Dimers,Mongolia,
http://www.wikidata.org/entity/Q135003367,http://www.wikidata.org/entity/Q45,PT,,Dimers,Portugal,
http://www.wikidata.org/entity/Q135003367,http://www.wikidata.org/entity/Q794,IR,,Dimers,Iran,
http://www.wikidata.org/entity/Q135003367,http://www.wikidata.org/entity/Q25362,BL,,Dimers,Saint Barthélemy,
http://www.wikidata.org/entity/Q135003367,http://www.wikidata.org/entity/Q222,AL,,Dimers,Albania,
http://www.wikidata.org/entity/Q135003367,http://www.wikidata.org/entity/Q783,HN,,Dimers,Honduras,
http://www.wikidata.org/entity/Q135003367,http://www.wikidata.org/entity/Q13353,MS,,Dimers,Montserrat,
http://www.wikidata.org/entity/Q135003367,http://www.wikidata.org/entity/Q1041,SN,,Dimers,Senegal,
http://www.wikidata.org/entity/Q135003367,http://www.wikidata.org/entity/Q1013,LS,,Dimers,Lesotho,
http://www.wikidata.org/entity/Q135003367,http://www.wikidata.org/entity/Q31,BE,,Dimers,Belgium,
http://www.wikidata.org/entity/Q135003367,http://www.wikidata.org/entity/Q813,KG,,Dimers,Kyrgyzstan,
http://www.wikidata.org/entity/Q135003367,http://www.wikidata.org/entity/Q39,CH,,Dimers,Switzerland,
http://www.wikidata.org/entity/Q135003367,http://www.wikidata.org/entity/Q1011,CV,,Dimers,Cape Verde,
http://www.wikidata.org/entity/Q135003367,http://www.wikidata.org/entity/Q40,AT,,Dimers,Austria,
http://www.wikidata.org/entity/Q135003367,http://www.wikidata.org/entity/Q115,ET,,Dimers,Ethiopia,
http://www.wikidata.org/entity/Q135003367,http://www.wikidata.org/entity/Q34617,PM,,Dimers,Saint Pierre and Miquelon,
http://www.wikidata.org/entity/Q135003367,http://www.wikidata.org/entity/Q754,TT,,Dimers,Trinidad and Tobago,
http://www.wikidata.org/entity/Q135003367,http://www.wikidata.org/entity/Q237,VA,,Dimers,Vatican City,
http://www.wikidata.org/entity/Q135003367,http://www.wikidata.org/entity/Q155,BR,,Dimers,Brazil,
http://www.wikidata.org/entity/Q135003367,http://www.wikidata.org/entity/Q574,TL,,Dimers,Timor-Leste,
http://www.wikidata.org/entity/Q135003367,http://www.wikidata.org/entity/Q211,LV,,Dimers,Latvia,
http://www.wikidata.org/entity/Q135003367,http://www.wikidata.org/entity/Q686,VU,,Dimers,Vanuatu,
http://www.wikidata.org/entity/Q135003367,http://www.wikidata.org/entity/Q96,MX,,Dimers,Mexico,
http://www.wikidata.org/entity/Q15910815,http://www.wikidata.org/entity/Q17012,GP,1987-02-01T00:00:00Z,Q15910815,Guadeloupe,1987
http://www.wikidata.org/entity/Q15910815,http://www.wikidata.org/entity/Q252,ID,1987-02-01T00:00:00Z,Q15910815,Indonesia,1987
http://www.wikidata.org/entity/Q15910815,http://www.wikidata.org/entity/Q17,JP,1987-02-01T00:00:00Z,Q15910815,Japan,1987
http://www.wikidata.org/entity/Q15910815,http://www.wikidata.org/entity/Q347,LI,1987-02-01T00:00:00Z,Q15910815,Liechtenstein,1987
http://www.wikidata.org/entity/Q15910815,http://www.wikidata.org/entity/Q219060,PS,1987-02-01T00:00:00Z,Q15910815,Palestine,1987
http://www.wikidata.org/entity/Q15910815,http://www.wikidata.org/entity/Q16,CA,1987-02-01T00:00:00Z,Q15910815,Canada,1987
http://www.wikidata.org/entity/Q15910815,http://www.wikidata.org/entity/Q800,CR,1987-02-01T00:00:00Z,Q15910815,Costa Rica,1987
http://www.wikidata.org/entity/Q15910815,http://www.wikidata.org/entity/Q43,TR,1987-02-01T00:00:00Z,Q15910815,Turkey,1987
http://www.wikidata.org/entity/Q15910815,http://www.wikidata.org/entity/Q129237,PC,1987-02-01T00:00:00Z,Q15910815,Trust Territory of the Pacific Islands,1987
http://www.wikidata.org/entity/Q15910815,http://www.wikidata.org/entity/Q145,GB,1987-02-01T00:00:00Z,Q15910815,United Kingdom,1987
http://www.wikidata.org/entity/Q15910815,http://www.wikidata.org/entity/Q912,ML,1987-02-01T00:00:00Z,Q15910815,Mali,1987
http://www.wikidata.org/entity/Q15910815,http://www.wikidata.org/entity/Q970,KM,1987-02-01T00:00:00Z,Q15910815,Comoros,1987
http://www.wikidata.org/entity/Q15910815,http://www.wikidata.org/entity/Q717,VE,1987-02-01T00:00:00Z,Q15910815,Venezuela,1987
http://www.wikidata.org/entity/Q15910815,http://www.wikidata.org/entity/Q36004,CC,1987-02-01T00:00:00Z,Q15910815,Cocos (Keeling) Islands,1987
http://www.wikidata.org/entity/Q15910815,http://www.wikidata.org/entity/Q1007,GW,1987-02-01T00:00:00Z,Q15910815,Guinea-Bissau,1987
http://www.wikidata.org/entity/Q15910815,http://www.wikidata.org/entity/Q769,GD,1987-02-01T00:00:00Z,Q15910815,Grenada,1987
http://www.wikidata.org/entity/Q15910815,http://www.wikidata.org/entity/Q258,ZA,1987-02-01T00:00:00Z,Q15910815,South Africa,1987
http://www.wikidata.org/entity/Q15910815,http://www.wikidata.org/entity/Q668,IN,1987-02-01T00:00:00Z,Q15910815,India,1987
http://www.wikidata.org/entity/Q15910815,http://www.wikidata.org/entity/Q948,TN,1987-02-01T00:00:00Z,Q15910815,Tunisia,1987
http://www.wikidata.org/entity/Q15910815,http://www.wikidata.org/entity/Q710,KI,1987-02-01T00:00:00Z,Q15910815,Kiribati,1987
http://www.wikidata.org/entity/Q15910815,http://www.wikidata.org/entity/Q236,ME,1987-02-01T00:00:00Z,Q15910815,Montenegro,1987
http://www.wikidata.org/entity/Q15910815,http://www.wikidata.org/entity/Q736,EC,1987-02-01T00:00:00Z,Q15910815,Ecuador,1987
http://www.wikidata.org/entity/Q15910815,http://www.wikidata.org/entity/Q1037,RW,1987-02-01T00:00:00Z,Q15910815,Rwanda,1987
http://www.wikidata.org/entity/Q15910815,http://www.wikidata.org/entity/Q25279,CW,1987-02-01T00:00:00Z,Q15910815,Curaçao,1987
http://www.wikidata.org/entity/Q15910815,http://www.wikidata.org/entity/Q79,EG,1987-02-01T00:00:00Z,Q15910815,Egypt,1987
http://www.wikidata.org/entity/Q25245598,http://www.wikidata.org/entity/Q17012,GP,2014-01-01T00:00:00Z,Tipbet,Guadeloupe,2014
http://www.wikidata.org/entity/Q25245598,http://www.wikidata.org/entity/Q252,ID,2014-01-01T00:00:00Z,Tipbet,Indonesia,2014
http://www.wikidata.org/entity/Q25245598,http://www.wikidata.org/entity/Q17,JP,2014-01-01T00:00:00Z,Tipbet,Japan,2014
http://www.wikidata.org/entity/Q25245598,http://www.wikidata.org/entity/Q347,LI,2014-01-01T00:00:00Z,Tipbet,Liechtenstein,2014
http://www.wikidata.org/entity/Q25245598,http://www.wikidata.org/entity/Q219060,PS,2014-01-01T00:00:00Z,Tipbet,Palestine,2014
http://www.wikidata.org/entity/Q25245598,http://www.wikidata.org/entity/Q16,CA,2014-01-01T00:00:00Z,Tipbet,Canada,2014
http://www.wikidata.org/entity/Q25245598,http://www.wikidata.org/entity/Q800,CR,2014-01-01T00:00:00Z,Tipbet,Costa Rica,2014
http://www.wikidata.org/entity/Q25245598,http://www.wikidata.org/entity/Q43,TR,2014-01-01T00:00:00Z,Tipbet,Turkey,2014
http://www.wikidata.org/entity/Q25245598,http://www.wikidata.org/entity/Q129237,PC,2014-01-01T00:00:00Z,Tipbet,Trust Territory of the Pacific Islands,2014
http://www.wikidata.org/entity/Q25245598,http://www.wikidata.org/entity/Q145,GB,2014-01-01T00:00:00Z,Tipbet,United Kingdom,2014
http://www.wikidata.org/entity/Q25245598,http://www.wikidata.org/entity/Q912,ML,2014-01-01T00:00:00Z,Tipbet,Mali,2014
http://www.wikidata.org/entity/Q25245598,http://www.wikidata.org/entity/Q970,KM,2014-01-01T00:00:00Z,Tipbet,Comoros,2014
http://www.wikidata.org/entity/Q25245598,http://www.wikidata.org/entity/Q717,VE,2014-01-01T00:00:00Z,Tipbet,Venezuela,2014
http://www.wikidata.org/entity/Q25245598,http://www.wikidata.org/entity/Q36004,CC,2014-01-01T00:00:00Z,Tipbet,Cocos (Keeling) Islands,2014
http://www.wikidata.org/entity/Q25245598,http://www.wikidata.org/entity/Q1007,GW,2014-01-01T00:00:00Z,Tipbet,Guinea-Bissau,2014
http://www.wikidata.org/entity/Q25245598,http://www.wikidata.org/entity/Q769,GD,2014-01-01T00:00:00Z,Tipbet,Grenada,2014
http://www.wikidata.org/entity/Q25245598,http://www.wikidata.org/entity/Q258,ZA,2014-01-01T00:00:00Z,Tipbet,South Africa,2014
http://www.wikidata.org/entity/Q25245598,http://www.wikidata.org/entity/Q668,IN,2014-01-01T00:00:00Z,Tipbet,India,2014
http://www.wikidata.org/entity/Q25245598,http://www.wikidata.org/entity/Q948,TN,2014-01-01T00:00:00Z,Tipbet,Tunisia,2014
http://www.wikidata.org/entity/Q25245598,http://www.wikidata.org/entity/Q710,KI,2014-01-01T00:00:00Z,Tipbet,Kiribati,2014
http://www.wikidata.org/entity/Q25245598,http://www.wikidata.org/entity/Q236,ME,2014-01-01T00:00:00Z,Tipbet,Montenegro,2014
http://www.wikidata.org/entity/Q25245598,http://www.wikidata.org/entity/Q736,EC,2014-01-01T00:00:00Z,Tipbet,Ecuador,2014
http://www.wikidata.org/entity/Q25245598,http://www.wikidata.org/entity/Q1037,RW,2014-01-01T00:00:00Z,Tipbet,Rwanda,2014
http://www.wikidata.org/entity/Q25245598,http://www.wikidata.org/entity/Q25279,CW,2014-01-01T00:00:00Z,Tipbet,Curaçao,2014
http://www.wikidata.org/entity/Q25245598,http://www.wikidata.org/entity/Q79,EG,2014-01-01T00:00:00Z,Tipbet,Egypt,2014
http://www.wikidata.org/entity/Q74458523,http://www.wikidata.org/entity/Q17012,GP,,ManBetX,Guadeloupe,
http://www.wikidata.org/entity/Q74458523,http://www.wikidata.org/entity/Q252,ID,,ManBetX,Indonesia,
http://www.wikidata.org/entity/Q74458523,http://www.wikidata.org/entity/Q17,JP,,ManBetX,Japan,
http://www.wikidata.org/entity/Q74458523,http://www.wikidata.org/entity/Q347,LI,,ManBetX,Liechtenstein,
http://www.wikidata.org/entity/Q74458523,http://www.wikidata.org/entity/Q219060,PS,,ManBetX,Palestine,
http://www.wikidata.org/entity/Q74458523,http://www.wikidata.org/entity/Q16,CA,,ManBetX,Canada,
http://www.wikidata.org/entity/Q74458523,http://www.wikidata.org/entity/Q800,CR,,ManBetX,Costa Rica,
http://www.wikidata.org/entity/Q74458523,http://www.wikidata.org/entity/Q43,TR,,ManBetX,Turkey,
http://www.wikidata.org/entity/Q74458523,http://www.wikidata.org/entity/Q129237,PC,,ManBetX,Trust Territory of the Pacific Islands,
http://www.wikidata.org/entity/Q74458523,http://www.wikidata.org/entity/Q145,GB,,ManBetX,United Kingdom,
http://www.wikidata.org/entity/Q74458523,http://www.wikidata.org/entity/Q912,ML,,ManBetX,Mali,
http://www.wikidata.org/entity/Q74458523,http://www.wikidata.org/entity/Q970,KM,,ManBetX,Comoros,
http://www.wikidata.org/entity/Q74458523,http://www.wikidata.org/entity/Q717,VE,,ManBetX,Venezuela,
http://www.wikidata.org/entity/Q74458523,http://www.wikidata.org/entity/Q36004,CC,,ManBetX,Cocos (Keeling) Islands,
http://www.wikidata.org/entity/Q74458523,http://www.wikidata.org/entity/Q1007,GW,,ManBetX,Guinea-Bissau,
http://www.wikidata.org/entity/Q74458523,http://www.wikidata.org/entity/Q769,GD,,ManBetX,Grenada,
http://www.wikidata.org/entity/Q74458523,http://www.wikidata.org/entity/Q258,ZA,,ManBetX,South Africa,
http://www.wikidata.org/entity/Q74458523,http://www.wikidata.org/entity/Q668,IN,,ManBetX,India,
http://www.wikidata.org/entity/Q74458523,http://www.wikidata.org/entity/Q948,TN,,ManBetX,Tunisia,
http://www.wikidata.org/entity/Q74458523,http://www.wikidata.org/entity/Q710,KI,,ManBetX,Kiribati,
http://www.wikidata.org/entity/Q74458523,http://www.wikidata.org/entity/Q236,ME,,ManBetX,Montenegro,
http://www.wikidata.org/entity/Q74458523,http://www.wikidata.org/entity/Q736,EC,,ManBetX,Ecuador,
http://www.wikidata.org/entity/Q74458523,http://www.wikidata.org/entity/Q1037,RW,,ManBetX,Rwanda,
http://www.wikidata.org/entity/Q74458523,http://www.wikidata.org/entity/Q25279,CW,,ManBetX,Curaçao,
http://www.wikidata.org/entity/Q74458523,http://www.wikidata.org/entity/Q79,EG,,ManBetX,Egypt,
http://www.wikidata.org/entity/Q135003367,http://www.wikidata.org/entity/Q17012,GP,,Dimers,Guadeloupe,
http://www.wikidata.org/entity/Q135003367,http://www.wikidata.org/entity/Q252,ID,,Dimers,Indonesia,
http://www.wikidata.org/entity/Q135003367,http://www.wikidata.org/entity/Q17,JP,,Dimers,Japan,
http://www.wikidata.org/entity/Q135003367,http://www.wikidata.org/entity/Q347,LI,,Dimers,Liechtenstein,
http://www.wikidata.org/entity/Q135003367,http://www.wikidata.org/entity/Q219060,PS,,Dimers,Palestine,
http://www.wikidata.org/entity/Q135003367,http://www.wikidata.org/entity/Q16,CA,,Dimers,Canada,
http://www.wikidata.org/entity/Q135003367,http://www.wikidata.org/entity/Q800,CR,,Dimers,Costa Rica,
http://www.wikidata.org/entity/Q135003367,http://www.wikidata.org/entity/Q43,TR,,Dimers,Turkey,
http://www.wikidata.org/entity/Q135003367,http://www.wikidata.org/entity/Q129237,PC,,Dimers,Trust Territory of the Pacific Islands,
http://www.wikidata.org/entity/Q135003367,http://www.wikidata.org/entity/Q145,GB,,Dimers,United Kingdom,
http://www.wikidata.org/entity/Q135003367,http://www.wikidata.org/entity/Q912,ML,,Dimers,Mali,
http://www.wikidata.org/entity/Q135003367,http://www.wikidata.org/entity/Q970,KM,,Dimers,Comoros,
http://www.wikidata.org/entity/Q135003367,http://www.wikidata.org/entity/Q717,VE,,Dimers,Venezuela,
http://www.wikidata.org/entity/Q135003367,http://www.wikidata.org/entity/Q36004,CC,,Dimers,Cocos (Keeling) Islands,
http://www.wikidata.org/entity/Q135003367,http://www.wikidata.org/entity/Q1007,GW,,Dimers,Guinea-Bissau,
http://www.wikidata.org/entity/Q135003367,http://www.wikidata.org/entity/Q769,GD,,Dimers,Grenada,
http://www.wikidata.org/entity/Q135003367,http://www.wikidata.org/entity/Q258,ZA,,Dimers,South Africa,
http://www.wikidata.org/entity/Q135003367,http://www.wikidata.org/entity/Q668,IN,,Dimers,India,
http://www.wikidata.org/entity/Q135003367,http://www.wikidata.org/entity/Q948,TN,,Dimers,Tunisia,
http://www.wikidata.org/entity/Q135003367,http://www.wikidata.org/entity/Q710,KI,,Dimers,Kiribati,
http://www.wikidata.org/entity/Q135003367,http://www.wikidata.org/entity/Q236,ME,,Dimers,Montenegro,
http://www.wikidata.org/entity/Q135003367,http://www.wikidata.org/entity/Q736,EC,,Dimers,Ecuador,
http://www.wikidata.org/entity/Q135003367,http://www.wikidata.org/entity/Q1037,RW,,Dimers,Rwanda,
http://www.wikidata.org/entity/Q135003367,http://www.wikidata.org/entity/Q25279,CW,,Dimers,Curaçao,
http://www.wikidata.org/entity/Q135003367,http://www.wikidata.org/entity/Q79,EG,,Dimers,Egypt,
http://www.wikidata.org/entity/Q15910815,http://www.wikidata.org/entity/Q26988,CK,1987-02-01T00:00:00Z,Q15910815,Cook Islands,1987
http://www.wikidata.org/entity/Q15910815,http://www.wikidata.org/entity/Q215,SI,1987-02-01T00:00:00Z,Q15910815,Slovenia,1987
http://www.wikidata.org/entity/Q15910815,http://www.wikidata.org/entity/Q25228,AI,1987-02-01T00:00:00Z,Q15910815,Anguilla,1987
http://www.wikidata.org/entity/Q15910815,http://www.wikidata.org/entity/Q219,BG,1987-02-01T00:00:00Z,Q15910815,Bulgaria,1987
http://www.wikidata.org/entity/Q15910815,http://www.wikidata.org/entity/Q26273,SX,1987-02-01T00:00:00Z,Q15910815,Sint Maarten,1987
http://www.wikidata.org/entity/Q15910815,http://www.wikidata.org/entity/Q1410,GI,1987-02-01T00:00:00Z,Q15910815,Gibraltar,1987
http://www.wikidata.org/entity/Q15910815,http://www.wikidata.org/entity/Q974,CD,1987-02-01T00:00:00Z,Q15910815,Democratic Republic of the Congo,1987
http://www.wikidata.org/entity/Q15910815,http://www.wikidata.org/entity/Q778,BS,1987-02-01T00:00:00Z,Q15910815,The Bahamas,1987
http://www.wikidata.org/entity/Q15910815,http://www.wikidata.org/entity/Q865,TW,1987-02-01T00:00:00Z,Q15910815,Taiwan,1987
http://www.wikidata.org/entity/Q15910815,http://www.wikidata.org/entity/Q35,DK,1987-02-01T00:00:00Z,Q15910815,Denmark,1987
http://www.wikidata.org/entity/Q15910815,http://www.wikidata.org/entity/Q672,TV,1987-02-01T00:00:00Z,Q15910815,Tuvalu,1987
http://www.wikidata.org/entity/Q15910815,http://www.wikidata.org/entity/Q962,BJ,1987-02-01T00:00:00Z,Q15910815,Benin,1987
http://www.wikidata.org/entity/Q15910815,http://www.wikidata.org/entity/Q1009,CM,1987-02-01T00:00:00Z,Q15910815,Cameroon,1987
http://www.wikidata.org/entity/Q15910815,http://www.wikidata.org/entity/Q230,GE,1987-02-01T00:00:00Z,Q15910815,Georgia,1987
http://www.wikidata.org/entity/Q15910815,http://www.wikidata.org/entity/Q233,MT,1987-02-01T00:00:00Z,Q15910815,Malta,1987
http://www.wikidata.org/entity/Q15910815,http://www.wikidata.org/entity/Q36,PL,1987-02-01T00:00:00Z,Q15910815,Poland,1987
http://www.wikidata.org/entity/Q15910815,http://www.wikidata.org/entity/Q1027,MU,1987-02-01T00:00:00Z,Q15910815,Mauritius,1987
http://www.wikidata.org/entity/Q15910815,http://www.wikidata.org/entity/Q796,IQ,1987-02-01T00:00:00Z,Q15910815,Iraq,1987
http://www.wikidata.org/entity/Q15910815,http://www.wikidata.org/entity/Q419,PE,1987-02-01T00:00:00Z,Q15910815,Peru,1987
http://www.wikidata.org/entity/Q15910815,http://www.wikidata.org/entity/Q1019,MG,1987-02-01T00:00:00Z,Q15910815,Madagascar,1987
http://www.wikidata.org/entity/Q15910815,http://www.wikidata.org/entity/Q25230,GG,1987-02-01T00:00:00Z,Q15910815,Guernsey,1987
http://www.wikidata.org/entity/Q15910815,http://www.wikidata.org/entity/Q1006,GN,1987-02-01T00:00:00Z,Q15910815,Guinea,1987
http://www.wikidata.org/entity/Q15910815,http://www.wikidata.org/entity/Q35086,GS,1987-02-01T00:00:00Z,Q15910815,South Georgia and the South Sandwich Islands,1987
http://www.wikidata.org/entity/Q15910815,http://www.wikidata.org/entity/Q31057,NF,1987-02-01T00:00:00Z,Q15910815,Norfolk Island,1987
http://www.wikidata.org/entity/Q15910815,http://www.wikidata.org/entity/Q183,DE,1987-02-01T00:00:00Z,Q15910815,Germany,1987
http://www.wikidata.org/entity/Q25245598,http://www.wikidata.org/entity/Q26988,CK,2014-01-01T00:00:00Z,Tipbet,Cook Islands,2014
http://www.wikidata.org/entity/Q25245598,http://www.wikidata.org/entity/Q215,SI,2014-01-01T00:00:00Z,Tipbet,Slovenia,2014
http://www.wikidata.org/entity/Q25245598,http://www.wikidata.org/entity/Q25228,AI,2014-01-01T00:00:00Z,Tipbet,Anguilla,2014
http://www.wikidata.org/entity/Q25245598,http://www.wikidata.org/entity/Q219,BG,2014-01-01T00:00:00Z,Tipbet,Bulgaria,2014
http://www.wikidata.org/entity/Q25245598,http://www.wikidata.org/entity/Q26273,SX,2014-01-01T00:00:00Z,Tipbet,Sint Maarten,2014
http://www.wikidata.org/entity/Q25245598,http://www.wikidata.org/entity/Q1410,GI,2014-01-01T00:00:00Z,Tipbet,Gibraltar,2014
http://www.wikidata.org/entity/Q25245598,http://www.wikidata.org/entity/Q974,CD,2014-01-01T00:00:00Z,Tipbet,Democratic Republic of the Congo,2014
http://www.wikidata.org/entity/Q25245598,http://www.wikidata.org/entity/Q778,BS,2014-01-01T00:00:00Z,Tipbet,The Bahamas,2014
http://www.wikidata.org/entity/Q25245598,http://www.wikidata.org/entity/Q865,TW,2014-01-01T00:00:00Z,Tipbet,Taiwan,2014
http://www.wikidata.org/entity/Q25245598,http://www.wikidata.org/entity/Q35,DK,2014-01-01T00:00:00Z,Tipbet,Denmark,2014
http://www.wikidata.org/entity/Q25245598,http://www.wikidata.org/entity/Q672,TV,2014-01-01T00:00:00Z,Tipbet,Tuvalu,2014
http://www.wikidata.org/entity/Q25245598,http://www.wikidata.org/entity/Q962,BJ,2014-01-01T00:00:00Z,Tipbet,Benin,2014
http://www.wikidata.org/entity/Q25245598,http://www.wikidata.org/entity/Q1009,CM,2014-01-01T00:00:00Z,Tipbet,Cameroon,2014
http://www.wikidata.org/entity/Q25245598,http://www.wikidata.org/entity/Q230,GE,2014-01-01T00:00:00Z,Tipbet,Georgia,2014
http://www.wikidata.org/entity/Q25245598,http://www.wikidata.org/entity/Q233,MT,2014-01-01T00:00:00Z,Tipbet,Malta,2014
http://www.wikidata.org/entity/Q25245598,http://www.wikidata.org/entity/Q36,PL,2014-01-01T00:00:00Z,Tipbet,Poland,2014
http://www.wikidata.org/entity/Q25245598,http://www.wikidata.org/entity/Q1027,MU,2014-01-01T00:00:00Z,Tipbet,Mauritius,2014
http://www.wikidata.org/entity/Q25245598,http://www.wikidata.org/entity/Q796,IQ,2014-01-01T00:00:00Z,Tipbet,Iraq,2014
http://www.wikidata.org/entity/Q25245598,http://www.wikidata.org/entity/Q419,PE,2014-01-01T00:00:00Z,Tipbet,Peru,2014
http://www.wikidata.org/entity/Q25245598,http://www.wikidata.org/entity/Q1019,MG,2014-01-01T00:00:00Z,Tipbet,Madagascar,2014
http://www.wikidata.org/entity/Q25245598,http://www.wikidata.org/entity/Q25230,GG,2014-01-01T00:00:00Z,Tipbet,Guernsey,2014
http://www.wikidata.org/entity/Q25245598,http://www.wikidata.org/entity/Q1006,GN,2014-01-01T00:00:00Z,Tipbet,Guinea,2014
http://www.wikidata.org/entity/Q25245598,http://www.wikidata.org/entity/Q35086,GS,2014-01-01T00:00:00Z,Tipbet,South Georgia and the South Sandwich Islands,2014
http://www.wikidata.org/entity/Q25245598,http://www.wikidata.org/entity/Q31057,NF,2014-01-01T00:00:00Z,Tipbet,Norfolk Island,2014
http://www.wikidata.org/entity/Q25245598,http://www.wikidata.org/entity/Q183,DE,2014-01-01T00:00:00Z,Tipbet,Germany,2014
http://www.wikidata.org/entity/Q74458523,http://www.wikidata.org/entity/Q26988,CK,,ManBetX,Cook Islands,
http://www.wikidata.org/entity/Q74458523,http://www.wikidata.org/entity/Q215,SI,,ManBetX,Slovenia,
http://www.wikidata.org/entity/Q74458523,http://www.wikidata.org/entity/Q25228,AI,,ManBetX,Anguilla,
http://www.wikidata.org/entity/Q74458523,http://www.wikidata.org/entity/Q219,BG,,ManBetX,Bulgaria,
http://www.wikidata.org/entity/Q74458523,http://www.wikidata.org/entity/Q26273,SX,,ManBetX,Sint Maarten,
http://www.wikidata.org/entity/Q74458523,http://www.wikidata.org/entity/Q1410,GI,,ManBetX,Gibraltar,
http://www.wikidata.org/entity/Q74458523,http://www.wikidata.org/entity/Q974,CD,,ManBetX,Democratic Republic of the Congo,
http://www.wikidata.org/entity/Q74458523,http://www.wikidata.org/entity/Q778,BS,,ManBetX,The Bahamas,
http://www.wikidata.org/entity/Q74458523,http://www.wikidata.org/entity/Q865,TW,,ManBetX,Taiwan,
http://www.wikidata.org/entity/Q74458523,http://www.wikidata.org/entity/Q35,DK,,ManBetX,Denmark,
http://www.wikidata.org/entity/Q74458523,http://www.wikidata.org/entity/Q672,TV,,ManBetX,Tuvalu,
http://www.wikidata.org/entity/Q74458523,http://www.wikidata.org/entity/Q962,BJ,,ManBetX,Benin,
http://www.wikidata.org/entity/Q74458523,http://www.wikidata.org/entity/Q1009,CM,,ManBetX,Cameroon,
http://www.wikidata.org/entity/Q74458523,http://www.wikidata.org/entity/Q230,GE,,ManBetX,Georgia,
http://www.wikidata.org/entity/Q74458523,http://www.wikidata.org/entity/Q233,MT,,ManBetX,Malta,
http://www.wikidata.org/entity/Q74458523,http://www.wikidata.org/entity/Q36,PL,,ManBetX,Poland,
http://www.wikidata.org/entity/Q74458523,http://www.wikidata.org/entity/Q1027,MU,,ManBetX,Mauritius,
http://www.wikidata.org/entity/Q74458523,http://www.wikidata.org/entity/Q796,IQ,,ManBetX,Iraq,
http://www.wikidata.org/entity/Q74458523,http://www.wikidata.org/entity/Q419,PE,,ManBetX,Peru,
http://www.wikidata.org/entity/Q74458523,http://www.wikidata.org/entity/Q1019,MG,,ManBetX,Madagascar,
http://www.wikidata.org/entity/Q74458523,http://www.wikidata.org/entity/Q25230,GG,,ManBetX,Guernsey,
http://www.wikidata.org/entity/Q74458523,http://www.wikidata.org/entity/Q1006,GN,,ManBetX,Guinea,
http://www.wikidata.org/entity/Q74458523,http://www.wikidata.org/entity/Q35086,GS,,ManBetX,South Georgia and the South Sandwich Islands,
http://www.wikidata.org/entity/Q74458523,http://www.wikidata.org/entity/Q31057,NF,,ManBetX,Norfolk Island,
http://www.wikidata.org/entity/Q74458523,http://www.wikidata.org/entity/Q183,DE,,ManBetX,Germany,
http://www.wikidata.org/entity/Q135003367,http://www.wikidata.org/entity/Q26988,CK,,Dimers,Cook Islands,
http://www.wikidata.org/entity/Q135003367,http://www.wikidata.org/entity/Q215,SI,,Dimers,Slovenia,
http://www.wikidata.org/entity/Q135003367,http://www.wikidata.org/entity/Q25228,AI,,Dimers,Anguilla,
http://www.wikidata.org/entity/Q135003367,http://www.wikidata.org/entity/Q219,BG,,Dimers,Bulgaria,
http://www.wikidata.org/entity/Q135003367,http://www.wikidata.org/entity/Q26273,SX,,Dimers,Sint Maarten,
http://www.wikidata.org/entity/Q135003367,http://www.wikidata.org/entity/Q1410,GI,,Dimers,Gibraltar,
http://www.wikidata.org/entity/Q135003367,http://www.wikidata.org/entity/Q974,CD,,Dimers,Democratic Republic of the Congo,
http://www.wikidata.org/entity/Q135003367,http://www.wikidata.org/entity/Q778,BS,,Dimers,The Bahamas,
http://www.wikidata.org/entity/Q135003367,http://www.wikidata.org/entity/Q865,TW,,Dimers,Taiwan,
http://www.wikidata.org/entity/Q135003367,http://www.wikidata.org/entity/Q35,DK,,Dimers,Denmark,
http://www.wikidata.org/entity/Q135003367,http://www.wikidata.org/entity/Q672,TV,,Dimers,Tuvalu,
http://www.wikidata.org/entity/Q135003367,http://www.wikidata.org/entity/Q962,BJ,,Dimers,Benin,
http://www.wikidata.org/entity/Q135003367,http://www.wikidata.org/entity/Q1009,CM,,Dimers,Cameroon,
http://www.wikidata.org/entity/Q135003367,http://www.wikidata.org/entity/Q230,GE,,Dimers,Georgia,
http://www.wikidata.org/entity/Q135003367,http://www.wikidata.org/entity/Q233,MT,,Dimers,Malta,
http://www.wikidata.org/entity/Q135003367,http://www.wikidata.org/entity/Q36,PL,,Dimers,Poland,
http://www.wikidata.org/entity/Q135003367,http://www.wikidata.org/entity/Q1027,MU,,Dimers,Mauritius,
http://www.wikidata.org/entity/Q135003367,http://www.wikidata.org/entity/Q796,IQ,,Dimers,Iraq,
http://www.wikidata.org/entity/Q135003367,http://www.wikidata.org/entity/Q419,PE,,Dimers,Peru,
http://www.wikidata.org/entity/Q135003367,http://www.wikidata.org/entity/Q1019,MG,,Dimers,Madagascar,
http://www.wikidata.org/entity/Q135003367,http://www.wikidata.org/entity/Q25230,GG,,Dimers,Guernsey,
http://www.wikidata.org/entity/Q135003367,http://www.wikidata.org/entity/Q1006,GN,,Dimers,Guinea,
http://www.wikidata.org/entity/Q135003367,http://www.wikidata.org/entity/Q35086,GS,,Dimers,South Georgia and the South Sandwich Islands,
http://www.wikidata.org/entity/Q135003367,http://www.wikidata.org/entity/Q31057,NF,,Dimers,Norfolk Island,
http://www.wikidata.org/entity/Q135003367,http://www.wikidata.org/entity/Q183,DE,,Dimers,Germany,
http://www.wikidata.org/entity/Q15910815,http://www.wikidata.org/entity/Q238,SM,1987-02-01T00:00:00Z,Q15910815,San Marino,1987
http://www.wikidata.org/entity/Q15910815,http://www.wikidata.org/entity/Q25227,AN,1987-02-01T00:00:00Z,Q15910815,Netherlands Antilles,1987
http://www.wikidata.org/entity/Q15910815,http://www.wikidata.org/entity/Q1008,CI,1987-02-01T00:00:00Z,Q15910815,Ivory Coast,1987
http://www.wikidata.org/entity/Q15910815,http://www.wikidata.org/entity/Q35672,PN,1987-02-01T00:00:00Z,Q15910815,Pitcairn Islands,1987
http://www.wikidata.org/entity/Q15910815,http://www.wikidata.org/entity/Q928,PH,1987-02-01T00:00:00Z,Q15910815,Philippines,1987
http://www.wikidata.org/entity/Q15910815,http://www.wikidata.org/entity/Q9676,IM,1987-02-01T00:00:00Z,Q15910815,Isle of Man,1987
http://www.wikidata.org/entity/Q15910815,http://www.wikidata.org/entity/Q851,SA,1987-02-01T00:00:00Z,Q15910815,Saudi Arabia,1987
http://www.wikidata.org/entity/Q15910815,http://www.wikidata.org/entity/Q1032,NE,1987-02-01T00:00:00Z,Q15910815,Niger,1987
http://www.wikidata.org/entity/Q15910815,http://www.wikidata.org/entity/Q20,NO,1987-02-01T00:00:00Z,Q15910815,Norway,1987
http://www.wikidata.org/entity/Q15910815,http://www.wikidata.org/entity/Q214,SK,1987-02-01T00:00:00Z,Q15910815,Slovakia,1987
http://www.wikidata.org/entity/Q15910815,http://www.wikidata.org/entity/Q31890709,AC,1987-02-01T00:00:00Z,Q15910815,Ascension,1987
http://www.wikidata.org/entity/Q15910815,http://www.wikidata.org/entity/Q902,BD,1987-02-01T00:00:00Z,Q15910815,Bangladesh,1987
http://www.wikidata.org/entity/Q15910815,http://www.wikidata.org/entity/Q760,LC,1987-02-01T00:00:00Z,Q15910815,Saint Lucia,1987
http://www.wikidata.org/entity/Q15910815,http://www.wikidata.org/entity/Q1016,LY,1987-02-01T00:00:00Z,Q15910815,Libya,1987
http://www.wikidata.org/entity/Q15910815,http://www.wikidata.org/entity/Q709,MH,1987-02-01T00:00:00Z,Q15910815,Marshall Islands,1987
http://www.wikidata.org/entity/Q15910815,http://www.wikidata.org/entity/Q159,RU,1987-02-01T00:00:00Z,Q15910815,Russia,1987
http://www.wikidata.org/entity/Q15910815,http://www.wikidata.org/entity/Q192184,SH,1987-02-01T00:00:00Z,Q15910815,"Saint Helena, Ascension and Tristan da Cunha",1987
http://www.wikidata.org/entity/Q15910815,http://www.wikidata.org/entity/Q1050,SZ,1987-02-01T00:00:00Z,Q15910815,Eswatini,1987
http://www.wikidata.org/entity/Q15910815,http://www.wikidata.org/entity/Q35555,WF,1987-02-01T00:00:00Z,Q15910815,Wallis and Futuna,1987
http://www.wikidata.org/entity/Q15910815,http://www.wikidata.org/entity/Q16957,DD,1987-02-01T00:00:00Z,Q15910815,German Democratic Republic,1987
http://www.wikidata.org/entity/Q15910815,http://www.wikidata.org/entity/Q730,SR,1987-02-01T00:00:00Z,Q15910815,Suriname,1987
http://www.wikidata.org/entity/Q15910815,http://www.wikidata.org/entity/Q16645,UM,1987-02-01T00:00:00Z,Q15910815,United States Minor Outlying Islands,1987
http://www.wikidata.org/entity/Q15910815,http://www.wikidata.org/entity/Q889,AF,1987-02-01T00:00:00Z,Q15910815,Afghanistan,1987
http://www.wikidata.org/entity/Q15910815,http://www.wikidata.org/entity/Q921,BN,1987-02-01T00:00:00Z,Q15910815,Brunei,1987
http://www.wikidata.org/entity/Q15910815,http://www.wikidata.org/entity/Q37,LT,1987-02-01T00:00:00Z,Q15910815,Lithuania,1987
http://www.wikidata.org/entity/Q25245598,http://www.wikidata.org/entity/Q238,SM,2014-01-01T00:00:00Z,Tipbet,San Marino,2014
http://www.wikidata.org/entity/Q25245598,http://www.wikidata.org/entity/Q25227,AN,2014-01-01T00:00:00Z,Tipbet,Netherlands Antilles,2014
http://www.wikidata.org/entity/Q25245598,http://www.wikidata.org/entity/Q1008,CI,2014-01-01T00:00:00Z,Tipbet,Ivory Coast,2014
http://www.wikidata.org/entity/Q25245598,http://www.wikidata.org/entity/Q35672,PN,2014-01-01T00:00:00Z,Tipbet,Pitcairn Islands,2014
http://www.wikidata.org/entity/Q25245598,http://www.wikidata.org/entity/Q928,PH,2014-01-01T00:00:00Z,Tipbet,Philippines,2014
http://www.wikidata.org/entity/Q25245598,http://www.wikidata.org/entity/Q9676,IM,2014-01-01T00:00:00Z,Tipbet,Isle of Man,2014
http://www.wikidata.org/entity/Q25245598,http://www.wikidata.org/entity/Q851,SA,2014-01-01T00:00:00Z,Tipbet,Saudi Arabia,2014
http://www.wikidata.org/entity/Q25245598,http://www.wikidata.org/entity/Q1032,NE,2014-01-01T00:00:00Z,Tipbet,Niger,2014
http://www.wikidata.org/entity/Q25245598,http://www.wikidata.org/entity/Q20,NO,2014-01-01T00:00:00Z,Tipbet,Norway,2014
http://www.wikidata.org/entity/Q25245598,http://www.wikidata.org/entity/Q214,SK,2014-01-01T00:00:00Z,Tipbet,Slovakia,2014
http://www.wikidata.org/entity/Q25245598,http://www.wikidata.org/entity/Q31890709,AC,2014-01-01T00:00:00Z,Tipbet,Ascension,2014
http://www.wikidata.org/entity/Q25245598,http://www.wikidata.org/entity/Q902,BD,2014-01-01T00:00:00Z,Tipbet,Bangladesh,2014
http://www.wikidata.org/entity/Q25245598,http://www.wikidata.org/entity/Q760,LC,2014-01-01T00:00:00Z,Tipbet,Saint Lucia,2014
http://www.wikidata.org/entity/Q25245598,http://www.wikidata.org/entity/Q1016,LY,2014-01-01T00:00:00Z,Tipbet,Libya,2014
http://www.wikidata.org/entity/Q25245598,http://www.wikidata.org/entity/Q709,MH,2014-01-01T00:00:00Z,Tipbet,Marshall Islands,2014
http://www.wikidata.org/entity/Q25245598,http://www.wikidata.org/entity/Q159,RU,2014-01-01T00:00:00Z,Tipbet,Russia,2014
http://www.wikidata.org/entity/Q25245598,http://www.wikidata.org/entity/Q192184,SH,2014-01-01T00:00:00Z,Tipbet,"Saint Helena, Ascension and Tristan da Cunha",2014
http://www.wikidata.org/entity/Q25245598,http://www.wikidata.org/entity/Q1050,SZ,2014-01-01T00:00:00Z,Tipbet,Eswatini,2014
http://www.wikidata.org/entity/Q25245598,http://www.wikidata.org/entity/Q35555,WF,2014-01-01T00:00:00Z,Tipbet,Wallis and Futuna,2014
http://www.wikidata.org/entity/Q25245598,http://www.wikidata.org/entity/Q16957,DD,2014-01-01T00:00:00Z,Tipbet,German Democratic Republic,2014
http://www.wikidata.org/entity/Q25245598,http://www.wikidata.org/entity/Q730,SR,2014-01-01T00:00:00Z,Tipbet,Suriname,2014
http://www.wikidata.org/entity/Q25245598,http://www.wikidata.org/entity/Q16645,UM,2014-01-01T00:00:00Z,Tipbet,United States Minor Outlying Islands,2014
http://www.wikidata.org/entity/Q25245598,http://www.wikidata.org/entity/Q889,AF,2014-01-01T00:00:00Z,Tipbet,Afghanistan,2014
http://www.wikidata.org/entity/Q25245598,http://www.wikidata.org/entity/Q921,BN,2014-01-01T00:00:00Z,Tipbet,Brunei,2014
http://www.wikidata.org/entity/Q25245598,http://www.wikidata.org/entity/Q37,LT,2014-01-01T00:00:00Z,Tipbet,Lithuania,2014
http://www.wikidata.org/entity/Q74458523,http://www.wikidata.org/entity/Q238,SM,,ManBetX,San Marino,
http://www.wikidata.org/entity/Q74458523,http://www.wikidata.org/entity/Q25227,AN,,ManBetX,Netherlands Antilles,
http://www.wikidata.org/entity/Q74458523,http://www.wikidata.org/entity/Q1008,CI,,ManBetX,Ivory Coast,
http://www.wikidata.org/entity/Q74458523,http://www.wikidata.org/entity/Q35672,PN,,ManBetX,Pitcairn Islands,
http://www.wikidata.org/entity/Q74458523,http://www.wikidata.org/entity/Q928,PH,,ManBetX,Philippines,
http://www.wikidata.org/entity/Q74458523,http://www.wikidata.org/entity/Q9676,IM,,ManBetX,Isle of Man,
http://www.wikidata.org/entity/Q74458523,http://www.wikidata.org/entity/Q851,SA,,ManBetX,Saudi Arabia,
http://www.wikidata.org/entity/Q74458523,http://www.wikidata.org/entity/Q1032,NE,,ManBetX,Niger,
http://www.wikidata.org/entity/Q74458523,http://www.wikidata.org/entity/Q20,NO,,ManBetX,Norway,
http://www.wikidata.org/entity/Q74458523,http://www.wikidata.org/entity/Q214,SK,,ManBetX,Slovakia,
http://www.wikidata.org/entity/Q74458523,http://www.wikidata.org/entity/Q31890709,AC,,ManBetX,Ascension,
http://www.wikidata.org/entity/Q74458523,http://www.wikidata.org/entity/Q902,BD,,ManBetX,Bangladesh,
http://www.wikidata.org/entity/Q74458523,http://www.wikidata.org/entity/Q760,LC,,ManBetX,Saint Lucia,
http://www.wikidata.org/entity/Q74458523,http://www.wikidata.org/entity/Q1016,LY,,ManBetX,Libya,
http://www.wikidata.org/entity/Q74458523,http://www.wikidata.org/entity/Q709,MH,,ManBetX,Marshall Islands,
http://www.wikidata.org/entity/Q74458523,http://www.wikidata.org/entity/Q159,RU,,ManBetX,Russia,
http://www.wikidata.org/entity/Q74458523,http://www.wikidata.org/entity/Q192184,SH,,ManBetX,"Saint Helena, Ascension and Tristan da Cunha",
http://www.wikidata.org/entity/Q74458523,http://www.wikidata.org/entity/Q1050,SZ,,ManBetX,Eswatini,
http://www.wikidata.org/entity/Q74458523,http://www.wikidata.org/entity/Q35555,WF,,ManBetX,Wallis and Futuna,
http://www.wikidata.org/entity/Q74458523,http://www.wikidata.org/entity/Q16957,DD,,ManBetX,German Democratic Republic,
http://www.wikidata.org/entity/Q74458523,http://www.wikidata.org/entity/Q730,SR,,ManBetX,Suriname,
http://www.wikidata.org/entity/Q74458523,http://www.wikidata.org/entity/Q16645,UM,,ManBetX,United States Minor Outlying Islands,
http://www.wikidata.org/entity/Q74458523,http://www.wikidata.org/entity/Q889,AF,,ManBetX,Afghanistan,
http://www.wikidata.org/entity/Q74458523,http://www.wikidata.org/entity/Q921,BN,,ManBetX,Brunei,
http://www.wikidata.org/entity/Q74458523,http://www.wikidata.org/entity/Q37,LT,,ManBetX,Lithuania,
http://www.wikidata.org/entity/Q135003367,http://www.wikidata.org/entity/Q238,SM,,Dimers,San Marino,
http://www.wikidata.org/entity/Q135003367,http://www.wikidata.org/entity/Q25227,AN,,Dimers,Netherlands Antilles,
http://www.wikidata.org/entity/Q135003367,http://www.wikidata.org/entity/Q1008,CI,,Dimers,Ivory Coast,
http://www.wikidata.org/entity/Q135003367,http://www.wikidata.org/entity/Q35672,PN,,Dimers,Pitcairn Islands,
http://www.wikidata.org/entity/Q135003367,http://www.wikidata.org/entity/Q928,PH,,Dimers,Philippines,
http://www.wikidata.org/entity/Q135003367,http://www.wikidata.org/entity/Q9676,IM,,Dimers,Isle of Man,
http://www.wikidata.org/entity/Q135003367,http://www.wikidata.org/entity/Q851,SA,,Dimers,Saudi Arabia,
http://www.wikidata.org/entity/Q135003367,http://www.wikidata.org/entity/Q1032,NE,,Dimers,Niger,
http://www.wikidata.org/entity/Q135003367,http://www.wikidata.org/entity/Q20,NO,,Dimers,Norway,
http://www.wikidata.org/entity/Q135003367,http://www.wikidata.org/entity/Q214,SK,,Dimers,Slovakia,
http://www.wikidata.org/entity/Q135003367,http://www.wikidata.org/entity/Q31890709,AC,,Dimers,Ascension,
http://www.wikidata.org/entity/Q135003367,http://www.wikidata.org/entity/Q902,BD,,Dimers,Bangladesh,
http://www.wikidata.org/entity/Q135003367,http://www.wikidata.org/entity/Q760,LC,,Dimers,Saint Lucia,
http://www.wikidata.org/entity/Q135003367,http://www.wikidata.org/entity/Q1016,LY,,Dimers,Libya,
http://www.wikidata.org/entity/Q135003367,http://www.wikidata.org/entity/Q709,MH,,Dimers,Marshall Islands,
http://www.wikidata.org/entity/Q135003367,http://www.wikidata.org/entity/Q159,RU,,Dimers,Russia,
http://www.wikidata.org/entity/Q135003367,http://www.wikidata.org/entity/Q192184,SH,,Dimers,"Saint Helena, Ascension and Tristan da Cunha",
http://www.wikidata.org/entity/Q135003367,http://www.wikidata.org/entity/Q1050,SZ,,Dimers,Eswatini,
http://www.wikidata.org/entity/Q135003367,http://www.wikidata.org/entity/Q35555,WF,,Dimers,Wallis and Futuna,
http://www.wikidata.org/entity/Q135003367,http://www.wikidata.org/entity/Q16957,DD,,Dimers,German Democratic Republic,
http://www.wikidata.org/entity/Q135003367,http://www.wikidata.org/entity/Q730,SR,,Dimers,Suriname,
http://www.wikidata.org/entity/Q135003367,http://www.wikidata.org/entity/Q16645,UM,,Dimers,United States Minor Outlying Islands,
http://www.wikidata.org/entity/Q135003367,http://www.wikidata.org/entity/Q889,AF,,Dimers,Afghanistan,
http://www.wikidata.org/entity/Q135003367,http://www.wikidata.org/entity/Q921,BN,,Dimers,Brunei,
http://www.wikidata.org/entity/Q135003367,http://www.wikidata.org/entity/Q37,LT,,Dimers,Lithuania,
